Comment,Description,Designator,Footprint,LibRef,Quantity

"4.7uf","","C1, C17","C0603","CAP_0603","2"
"100nF","","C2, C5, C6, C7, C9, C12, C14","C0603","CAP_0603","7"
"10pf","","C3, C4","C0603","CAP_0603","2"
"1uf","","C8, C13, C15, C16","C0603","CAP_0603","4"
"10nF","","C10, C11","C0603","CAP_0603","2"
"SS14","正向压降(Vf):500mV@1A;直流反向耐压(Vr):40V;整流电流:1A;","D1, D2","SMA_L4.3-W2.6-LS5.2-RD","SS14_C83852","2"
"BAT54S","二极管配置:1对串联式;正向压降(Vf):400mV@10mA;直流反向耐压(Vr):30V;整流电流:200mA;","D3, D4","SOT-23-3_L2.9-W1.3-P1.90-LS2.4-BR","BAT54S_C7420333","2"
"SMF5.0A","极性:单向;反向截止电压(Vrwm):5V;钳位电压:9.2V;峰值脉冲电流(Ipp):21.7A@10/1000us;峰值脉冲功率(Ppp):200W@10/1000us;击穿电压:7V;","D5","SOD-123FL_L2.7-W1.8-LS3.8-RD","SMF5.0A_C19077497","1"
"SMD0805-050-6","耐压(Vmax):6V;最大电流(Imax):40A;保持电流(Ihold):500mA;跳闸电流(Itrip):1A;","F1","F0805","SMD0805-050-6","1"
"2.54-1*3P针","插针结构:1x3P;间距:2.54mm;行距:-;圆针/方针:方针;安装方式:直插;排数:单排;总PIN位数:3P;额定电流:3A;额定电压:-;配合针长度:6mm;塑高:2.5mm;端接针长度:3mm;触头材质:黄铜;触头镀层:金;工作温度:-40℃~+105℃;颜色:黑色;","H1, H3, H6","HDR-TH_3P-P2.54-V-M-1","2.54-1*3P针","3"
"HX PZ2.54-1x3P ZZ","插针结构:1x3P;间距:2.54mm;行距:-;圆针/方针:方针;安装方式:直插;排数:单排;总PIN位数:3P;额定电流:3A;额定电压:1kV;配合针长度:6mm;塑高:2.5mm;端接针长度:3mm;触头材质:黄铜;触头镀层:金;工作温度:-40℃~+105℃;颜色:黑色;","H2","CONN-TH_HX-PZ2.54-1X3P-ZZ","HX PZ2.54-1x3P ZZ","1"
"PH2.54-1X5P-H25","插针结构:1x5P;间距:2.54mm;行距:-;圆针/方针:方针;安装方式:直插;排数:单排;总PIN位数:5P;额定电流:3A;额定电压:-;配合针长度:6mm;塑高:2.5mm;端接针长度:3mm;触头材质:黄铜;触头镀层:金;工作温度:-40℃~+105℃;颜色:黑色;","H4","HDR-TH_5P-P2.54-V-M-3","PH2.54-1X5P-H25","1"
"PZ2.54-2X5P-H25","插针结构:2x5P;间距:2.54mm;行距:2.54mm;圆针/方针:方针;安装方式:直插;排数:双排;总PIN位数:10P;额定电流:3A;额定电压:-;配合针长度:6mm;塑高:2.5mm;端接针长度:3mm;触头材质:黄铜;触头镀层:金;工作温度:-40℃~+105℃;颜色:黑色;","H5","HDR-TH_10P-P2.54-V-M-R2-C5-S2.54_2","PZ2.54-2X5P-H25","1"
"GL0603UR01","灯头类型:-;发光颜色:红色;正向压降(Vf):2.4V;功率:-;正向电流:20mA;波长:620nm~625nm;二极管配置:独立二极管;透镜颜色:无色透明透镜;色温:-;发光强度:120mcd;发光角度:120°;载带方式:正贴;工作温度:-40℃~+85℃;","LED1, LED2","LED0603-FD","GL0603UR01","2"
"AO3400A","数量:-;漏源电压(Vdss):30V;连续漏极电流(Id):-;导通电阻(RDS(on)):48mΩ@2.5V;耗散功率(Pd):-;阈值电压(Vgs(th)):1.45V@250uA;","Q1, Q2","SOT-23-3_L2.9-W1.3-P1.90-LS2.4-BR","AO3400A_C20917","2"
"100欧","","R1, R6","R0603","Res_0603","2"
"10K","","R2, R8, R9, R17","R0603","Res_0603","4"
"100k","","R3, R7","R0603","Res_0603","2"
"1k","","R4, R18","R0603","Res_0603_1, Res_0603","2"
"0欧","","R5, R15","R0603","Res_0603","2"
"330欧","","R10, R11","R0603","Res_0603","2"
"18K","","R12, R13","R0603","Res_0603","2"
"5.1k","","R14, R16","R0603","Res_0603","2"
"TS-1088-AR02016","电路结构:单刀单掷;按钮形状:圆形按钮;作用力:1.6N;安装方式:立贴;开关长度:3.9mm;开关宽度:3mm;开关高度:2mm;带支架:不带支架;触点电流:50mA;额定电压:12V;带灯:-;工作寿命:10万次;","SW1, SW2","SW-SMD_L3.9-W3.0-P4.45","TS-1088-AR02016","2"
"RS601HL-1010011BB","带灯:无;引脚样式:焊片;额定电流:3A;额定电压(AC):250V;额定电压(DC):-;电路结构:单刀单掷;工作寿命:1万次;","SW3","SW-TH_RS601HL-1010011BB","RS601HL-1010011BB","1"
"","Test Point 测试点","TP_1, TP_2, TP_ADC1, TP_ADC2, TP_GATE1, TP_GATE2, TP_GND1, TP_OUT1, TP_OUT2, TP_VBUS1","Test-Point-0.5mm","Test-Point","10"
"STM32F103C8T6","CPU内核:ARM-M3;CPU最大主频:72MHz;应用领域:-;","U1","LQFP-48_L7.0-W7.0-P0.50-LS9.0-BL","STM32F103C8T6","1"
"HX PZ2.54-1x2P ZZ","插针结构:1x2P;间距:2.54mm;行距:-;圆针/方针:方针;安装方式:直插;排数:单排;总PIN位数:2P;额定电流:3A;额定电压:1kV;配合针长度:6mm;塑高:2.5mm;端接针长度:3mm;触头材质:黄铜;触头镀层:金;工作温度:-40℃~+105℃;颜色:黑色;","U2, U3","HDR-TH_2P-P2.54-V-M-3","HX PZ2.54-1x2P ZZ","2"
"HX PZ2.54-1x5P","插针结构:1x5P;间距:2.54mm;行距:-;圆针/方针:方针;安装方式:直插;排数:单排;总PIN位数:5P;额定电流:3A;额定电压:1kV;配合针长度:6mm;塑高:2.5mm;端接针长度:3mm;触头材质:黄铜;触头镀层:金;工作温度:-40℃~+105℃;颜色:黑色;","U4","HDR-TH_5P-P2.54-V-M","HX PZ2.54-1x5P ZZ","1"
"HX PZ2.54-1x4P","插针结构:1x4P;间距:2.54mm;行距:-;圆针/方针:方针;安装方式:直插;排数:单排;总PIN位数:4P;额定电流:3A;额定电压:1kV;配合针长度:6mm;塑高:2.5mm;端接针长度:3mm;触头材质:黄铜;触头镀层:金;工作温度:-40℃~+105℃;颜色:黑色;","U5","HDR-TH_4P-P2.54-V-M","HX PZ2.54-1x4P ZZ","1"
"TPD2EUSB30DRTR-N","极性:单向;反向截止电压(Vrwm):5V;钳位电压:14V;峰值脉冲电流(Ipp):4A@8/20us;峰值脉冲功率(Ppp):56W@8/20us;击穿电压:6V;","U6","SOT-723_L1.2-W0.8-P0.40-LS1.2-BR","TPD2EUSB30DRTR-N","1"
"CH340C","应用功能:收发器;USB协议版本:USB 2.0;数据速率:2Mbps;","U7","SOP-16_L10.0-W3.9-P1.27-LS6.0-BL","CH340C","1"
"AP2112K-3.3TRG1","输出极性:正极;工作电压:6V;输出电压:3.3V;输出电流:600mA;电源纹波抑制比(PSRR):65dB@(1kHz);输出类型:固定;","U8","SOT-25-5_L2.9-W1.6-P0.95-LS2.8-BL","AP2112K-3.3TRG1","1"
"TYPE-C 16PIN 2MD(073)","连接器类型:Type-C;协议标准:-;公母:母;安装方式:卧贴;触点数量:16P;端口数量:1;额定电流 - 电源:3A;工作温度:-25℃~+85℃;","USB1","USB-C-SMD_TYPE-C-16PIN-2MD-073","TYPE-C 16PIN 2MD(073)","1"
"8MHz","晶振类型:贴片晶振;频率:8MHz;常温频差:±10ppm;负载电容:12pF;频率稳定度:±30ppm;","X1","CRYSTAL-SMD_L5.0-W3.2","XC53G2-8.000-F12NJHP","1"
